Staff_Id,Staff Name
30001,f1
30002,f2
30003,f3
30004,f4
30005,f5
30006,f6
30007,f7
30008,f8
30009,f9
30010,f10
30011,f11
30012,f12
30013,f13
30014,f14
30015,f15
30016,f16
30017,f17
30018,f18
30019,f19
30020,f20
30021,f21
30022,f22
30023,f23
30024,f24
30025,f25
30026,f26
30027,f27
30028,f28
30029,f29
30030,f30
30031,f31
30032,f32
30033,f33
30034,f34
30035,f35
30036,f36
30037,f37
30038,f38
30039,f39
30040,f40
30041,f41
30042,f42
30043,f43
30044,f44
30045,f45
30046,f46
30047,f47
30048,f48
30049,f49
30050,f50
30051,f51
30052,f52
30053,f53
30054,f54
30055,f55
30056,f56
30057,f57
30058,f58
30059,f59
30060,f60
30061,f61
30062,f62
30063,f63
30064,f64
30065,f65
30066,f66
30067,f67
30068,f68
30069,f69
30070,f70
30071,f71
30072,f72
30073,f73
30074,f74
30075,f75
30076,f76
30077,f77
30078,f78
30079,f79
30080,f80
30081,f81
30082,f82
30083,f83
30084,f84
30085,f85
30086,f86
30087,f87
30088,f88
30089,f89
30090,f90
30091,f91
30092,f92
30093,f93
30094,f94
30095,f95
30096,f96
30097,f97
30098,f98
30099,f99
30100,f100
30101,f101
30102,f102
30103,f103
30104,f104
30105,f105
30106,f106
30107,f107
30108,f108
30109,f109
30110,f110
30111,f111
30112,f112
30113,f113
30114,f114
30115,f115
30116,f116
30117,f117
30118,f118
30119,f119
30120,f120
30121,f121
30122,f122
30123,f123
30124,f124
30125,f125
30126,f126
30127,f127
30128,f128
30129,f129
30130,f130
30131,f131
30132,f132
30133,f133
30134,f134
30135,f135
30136,f136
30137,f137
30138,f138
30139,f139
30140,f140
30141,f141
30142,f142
30143,f143
30144,f144
30145,f145
30146,f146
30147,f147
30148,f148
30149,f149
30150,f150
30151,f151
30152,f152
30153,f153
30154,f154
30155,f155
30156,f156
30157,f157
30158,f158
30159,f159
30160,f160
30161,f161
30162,f162
30163,f163
30164,f164
30165,f165
30166,f166
30167,f167
30168,f168
30169,f169
30170,f170
30171,f171
30172,f172
30173,f173
30174,f174
30175,f175
30176,f176
30177,f177
30178,f178
30179,f179
30180,f180
30181,f181
30182,f182
30183,f183
30184,f184
30185,f185
30186,f186
30187,f187
30188,f188
30189,f189
30190,f190
30191,f191
30192,f192
30193,f193
30194,f194
30195,f195
30196,f196
30197,f197
30198,f198
30199,f199
30200,f200
30201,f201
30202,f202
30203,f203
30204,f204
30205,f205
30206,f206
30207,f207
30208,f208
30209,f209
30210,f210
30211,f211
30212,f212
30213,f213
30214,f214
30215,f215
30216,f216
30217,f217
30218,f218
30219,f219
30220,f220
30221,f221
30222,f222
30223,f223
30224,f224
30225,f225
30226,f226
30227,f227
30228,f228
30229,f229
30230,f230
30231,f231
30232,f232
30233,f233
30234,f234
30235,f235
30236,f236
30237,f237
30238,f238
30239,f239
30240,f240
30241,f241
30242,f242
30243,f243
30244,f244
30245,f245
30246,f246
30247,f247
30248,f248
30249,f249
30250,f250
30251,f251
30252,f252
30253,f253
30254,f254
30255,f255
30256,f256
30257,f257
30258,f258
30259,f259
30260,f260
30261,f261
30262,f262
30001,f1
30002,f2
30003,f3
30004,f4
30005,f5
30006,f6
30007,f7
30008,f8
30009,f9
30010,f10
30011,f11
30012,f12
30013,f13
30014,f14
30015,f15
30016,f16
30017,f17
30018,f18
30019,f19
30020,f20
30021,f21
30022,f22
30023,f23
30024,f24
30025,f25
30026,f26
30027,f27
30028,f28
30029,f29
30030,f30
30031,f31
30032,f32
30033,f33
30034,f34
30035,f35
30036,f36
30037,f37
30038,f38
30039,f39
30040,f40
30041,f41
30042,f42
30043,f43
30044,f44
30045,f45
30046,f46
30047,f47
30048,f48
30049,f49
30050,f50
30051,f51
30052,f52
30053,f53
30054,f54
30055,f55
30056,f56
30057,f57
30058,f58
30059,f59
30060,f60
30061,f61
30062,f62
30063,f63
30064,f64
30065,f65
30066,f66
30067,f67
30068,f68
30069,f69
30070,f70
30071,f71
30072,f72
30073,f73
30074,f74
30075,f75
30076,f76
30077,f77
30078,f78
30079,f79
30080,f80
30081,f81
30082,f82
30083,f83
30084,f84
30085,f85
30086,f86
30087,f87
30088,f88
30089,f89
30090,f90
30091,f91
30092,f92
30093,f93
30094,f94
30095,f95
30096,f96
30097,f97
30098,f98
30099,f99
30100,f100
30101,f101
30102,f102
30103,f103
30104,f104
30105,f105
30106,f106
30107,f107
30108,f108
30109,f109
30110,f110
30111,f111
30112,f112
30113,f113
30114,f114
30115,f115
30116,f116
30117,f117
30118,f118
30119,f119
30120,f120
30121,f121
30122,f122
30123,f123
30124,f124
30125,f125
30126,f126
30127,f127
30128,f128
30129,f129
30130,f130
30131,f131
30132,f132
30133,f133
30134,f134
30135,f135
30136,f136
30137,f137
30138,f138
30139,f139
30140,f140
30141,f141
30142,f142
30143,f143
30144,f144
30145,f145
30146,f146
30147,f147
30148,f148
30149,f149
30150,f150
30151,f151
30152,f152
30153,f153
30154,f154
30155,f155
30156,f156
30157,f157
30158,f158
30159,f159
30160,f160
30161,f161
30162,f162
30163,f163
30164,f164
30165,f165
30166,f166
30167,f167
30168,f168
30169,f169
30170,f170
30171,f171
30172,f172
30173,f173
30174,f174
30175,f175
30176,f176
30177,f177
30178,f178
30179,f179
30180,f180
30181,f181
30182,f182
30183,f183
30184,f184
30185,f185
30186,f186
30187,f187
30188,f188
30189,f189
30190,f190
30191,f191
30192,f192
30193,f193
30194,f194
30195,f195
30196,f196
30197,f197
30198,f198
30199,f199
30200,f200
30201,f201
30202,f202
30203,f203
30204,f204
30205,f205
30206,f206
30207,f207
30208,f208
30209,f209
30210,f210
30211,f211
30212,f212
30213,f213
30214,f214
30215,f215
30216,f216
30217,f217
30218,f218
30219,f219
30220,f220
30221,f221
30222,f222
30223,f223
30224,f224
30225,f225
30226,f226
30227,f227
30228,f228
30229,f229
30230,f230
30231,f231
30232,f232
30233,f233
30234,f234
30235,f235
30236,f236
30237,f237
30238,f238
30239,f239
30240,f240
30241,f241
30242,f242
30243,f243
30244,f244
30245,f245
30246,f246
30247,f247
30248,f248
30249,f249
30250,f250
30251,f251
30252,f252
30253,f253
30254,f254
30255,f255
30256,f256
30257,f257
30258,f258
30259,f259
30260,f260
30261,f261
30262,f262
30001,f1
30002,f2
30003,f3
30004,f4
30005,f5
30006,f6
30007,f7
30008,f8
30009,f9
30010,f10
30011,f11
30012,f12
30013,f13
30014,f14
30015,f15
30016,f16
30017,f17
30018,f18
30019,f19
30020,f20
30021,f21
30022,f22
30023,f23
30024,f24
30025,f25
30026,f26
30027,f27
30028,f28
30029,f29
30030,f30
30031,f31
30032,f32
30033,f33
30034,f34
30035,f35
30036,f36
30037,f37
30038,f38
30039,f39
30040,f40
30041,f41
30042,f42
30043,f43
30044,f44
30045,f45
30046,f46
30047,f47
30048,f48
30049,f49
30050,f50
30051,f51
30052,f52
30053,f53
30054,f54
30055,f55
30056,f56
30057,f57
30058,f58
30059,f59
30060,f60
30061,f61
30062,f62
30063,f63
30064,f64
30065,f65
30066,f66
30067,f67
30068,f68
30069,f69
30070,f70
30071,f71
30072,f72
30073,f73
30074,f74
30075,f75
30076,f76
30077,f77
30078,f78
30079,f79
30080,f80
30081,f81
30082,f82
30083,f83
30084,f84
30085,f85
30086,f86
30087,f87
30088,f88
30089,f89
30090,f90
30091,f91
30092,f92
30093,f93
30094,f94
30095,f95
30096,f96
30097,f97
30098,f98
30099,f99
30100,f100
30101,f101
30102,f102
30103,f103
30104,f104
30105,f105
30106,f106
30107,f107
30108,f108
30109,f109
30110,f110
30111,f111
30112,f112
30113,f113
30114,f114
30115,f115
30116,f116
30117,f117
30118,f118
30119,f119
30120,f120
30121,f121
30122,f122
30123,f123
30124,f124
30125,f125
30126,f126
30127,f127
30128,f128
30129,f129
30130,f130
30131,f131
30132,f132
30133,f133
30134,f134
30135,f135
30136,f136
30137,f137
30138,f138
30139,f139
30140,f140
30141,f141
30142,f142
30143,f143
30144,f144
30145,f145
30146,f146
30147,f147
30148,f148
30149,f149
30150,f150
30151,f151
30152,f152
30153,f153
30154,f154
30155,f155
30156,f156
30157,f157
30158,f158
30159,f159
30160,f160
30161,f161
30162,f162
30163,f163
30164,f164
30165,f165
30166,f166
30167,f167
30168,f168
30169,f169
30170,f170
30171,f171
30172,f172
30173,f173
30174,f174
30175,f175
30176,f176
30177,f177
30178,f178
30179,f179
30180,f180
30181,f181
30182,f182
30183,f183
30184,f184
30185,f185
30186,f186
30187,f187
30188,f188
30189,f189
30190,f190
30191,f191
30192,f192
30193,f193
30194,f194
30195,f195
30196,f196
30197,f197
30198,f198
30199,f199
30200,f200
30201,f201
30202,f202
30203,f203
30204,f204
30205,f205
30206,f206
30207,f207
30208,f208
30209,f209
30210,f210
30211,f211
30212,f212
30213,f213
30214,f214
30215,f215
30216,f216
30217,f217
30218,f218
30219,f219
30220,f220
30221,f221
30222,f222
30223,f223
30224,f224
30225,f225
30226,f226
30227,f227
30228,f228
30229,f229
30230,f230
30231,f231
30232,f232
30233,f233
30234,f234
30235,f235
30236,f236
30237,f237
30238,f238
30239,f239
30240,f240
30241,f241
30242,f242
30243,f243
30244,f244
30245,f245
30246,f246
30247,f247
30248,f248
30249,f249
30250,f250
30251,f251
30252,f252
30253,f253
30254,f254
30255,f255
30256,f256
30257,f257
30258,f258
30259,f259
30260,f260
30261,f261
30262,f262
30001,f1
30002,f2
30003,f3
30004,f4
30005,f5
30006,f6
30007,f7
30008,f8
30009,f9
30010,f10
30011,f11
30012,f12
30013,f13
30014,f14
30015,f15
30016,f16
30017,f17
30018,f18
30019,f19
30020,f20
30021,f21
30022,f22
30023,f23
30024,f24
30025,f25
30026,f26
30027,f27
30028,f28
30029,f29
30030,f30
30031,f31
30032,f32
30033,f33
30034,f34
30035,f35
30036,f36
30037,f37
30038,f38
30039,f39
30040,f40
30041,f41
30042,f42
30043,f43
30044,f44
30045,f45
30046,f46
30047,f47
30048,f48
30049,f49
30050,f50
30051,f51
30052,f52
30053,f53
30054,f54
30055,f55
30056,f56
30057,f57
30058,f58
30059,f59
30060,f60
30061,f61
30062,f62
30063,f63
30064,f64
30065,f65
30066,f66
30067,f67
30068,f68
30069,f69
30070,f70
30071,f71
30072,f72
30073,f73
30074,f74
30075,f75
30076,f76
30077,f77
30078,f78
30079,f79
30080,f80
30081,f81
30082,f82
30083,f83
30084,f84
30085,f85
30086,f86
30087,f87
30088,f88
30089,f89
30090,f90
30091,f91
30092,f92
30093,f93
30094,f94
30095,f95
30096,f96
30097,f97
30098,f98
30099,f99
30100,f100
30101,f101
30102,f102
30103,f103
30104,f104
30105,f105
30106,f106
30107,f107
30108,f108
30109,f109
30110,f110
30111,f111
30112,f112
30113,f113
30114,f114
30115,f115
30116,f116
30117,f117
30118,f118
30119,f119
30120,f120
30121,f121
30122,f122
30123,f123
30124,f124
30125,f125
30126,f126
30127,f127
30128,f128
30129,f129
30130,f130
30131,f131
30132,f132
30133,f133
30134,f134
30135,f135
30136,f136
30137,f137
30138,f138
30139,f139
30140,f140
30141,f141
30142,f142
30143,f143
30144,f144
30145,f145
30146,f146
30147,f147
30148,f148
30149,f149
30150,f150
30151,f151
30152,f152
30153,f153
30154,f154
30155,f155
30156,f156
30157,f157
30158,f158
30159,f159
30160,f160
30161,f161
30162,f162
30163,f163
30164,f164
30165,f165
30166,f166
30167,f167
30168,f168
30169,f169
30170,f170
30171,f171
30172,f172
30173,f173
30174,f174
30175,f175
30176,f176
30177,f177
30178,f178
30179,f179
30180,f180
30181,f181
30182,f182
30183,f183
30184,f184
30185,f185
30186,f186
30187,f187
30188,f188
30189,f189
30190,f190
30191,f191
30192,f192
30193,f193
30194,f194
30195,f195
30196,f196
30197,f197
30198,f198
30199,f199
30200,f200
30201,f201
30202,f202
30203,f203
30204,f204
30205,f205
30206,f206
30207,f207
30208,f208
30209,f209
30210,f210
30211,f211
30212,f212
30213,f213
30214,f214
30215,f215
30216,f216
30217,f217
30218,f218
30219,f219
30220,f220
30221,f221
30222,f222
30223,f223
30224,f224
30225,f225
30226,f226
30227,f227
30228,f228
30229,f229
30230,f230
30231,f231
30232,f232
30233,f233
30234,f234
30235,f235
30236,f236
30237,f237
30238,f238
30239,f239
30240,f240
30241,f241
30242,f242
30243,f243
30244,f244
30245,f245
30246,f246
30247,f247
30248,f248
30249,f249
30250,f250
30251,f251
30252,f252
30253,f253
30254,f254
30255,f255
30256,f256
30257,f257
30258,f258
30259,f259
30260,f260
30261,f261
30262,f262
